<?xml version="1.0" encoding="UTF-8"?>
<faceted-project>
  <runtime name="WebSphere Application Server traditional V8.5"/>
  <fixed facet="jst.web"/>
  <fixed facet="wls.web"/>
  <fixed facet="oracle.weblogic.webservice.clients"/>
  <fixed facet="wst.jsdt.web"/>
  <fixed facet="oracle.weblogic.webservices"/>
  <fixed facet="java"/>
  <fixed facet="java.apt"/>
  <installed facet="java" version="1.6"/>
  <installed facet="java.apt" version="5.0"/>
  <installed facet="jst.web" version="3.0"/>
  <installed facet="oracle.weblogic.webservice.clients" version="2.1"/>
  <installed facet="wls.web" version="12.1.1"/>
  <installed facet="oracle.weblogic.webservices" version="2.1"/>
  <installed facet="wst.jsdt.web" version="1.0"/>
</faceted-project>
