<?xml version="1.0" encoding="UTF-8"?>
<application xmlns="http://java.sun.com/xml/ns/javaee" xmlns:xsi="http://www.w3.org/2001/XMLSchema-instance" xsi:schemaLocation="http://java.sun.com/xml/ns/javaee http://java.sun.com/xml/ns/javaee/application_6.xsd" version="6">
	<display-name>AcmeApp</display-name>
	<module id="Module_1530706879790">
		<web>
			<web-uri>AcmeWeb.war</web-uri>
			<context-root>AcmeWeb</context-root>
		</web>
	</module>
	<security-role>
		<role-name>Customer</role-name>
	</security-role>
</application>
